backbone,n,dice,iou,dice_size_matched,pointing_acc,energy_mean,threshold_pct
mobilenetv3_small,60,0.037940232963416844,0.02014437541772518,0.0175956514553711,0.0,0.020453145167911167,0.8
efficientnet_b0,60,0.060953007852733734,0.035312788798785015,0.06667486539416044,0.08333333333333333,0.05626714742518511,0.8
densenet121,60,0.09930996850314783,0.05994415074717689,0.10985248156800888,0.13333333333333333,0.04504384362957401,0.8
resnet50,60,0.11814123001033264,0.07029315580902583,0.14606066805301665,0.11666666666666667,0.05338501175471514,0.8
vgg16,60,0.09138282779308891,0.059676981454956195,0.17848136134959208,0.2,0.10273352306755532,0.8
vit_base,60,0.03569182996195316,0.01979526823735684,0.014974401403883609,0.0,0.007354051570139628,0.8
