backbone,n,dice,iou,pointing_acc,energy_mean,threshold_pct
mobilenetv3_small,60,0.001887856231573104,0.0009801031175609195,0.0,0.018574622342593595,0.8
efficientnet_b0,60,0.0024145669253424957,0.0012575404948907173,0.0,0.01886692337398284,0.8
densenet121,60,0.0016958779678419554,0.0008667896411693396,0.0,0.017496541054376934,0.8
resnet50,60,0.0033759865964837076,0.0017519712522057823,0.0,0.01944163531908482,0.8
vgg16,60,0.002360009253045478,0.001209677675586907,0.0,0.02015857808849186,0.8
vit_base,60,0.03558926835789835,0.019883094838718567,0.0,0.006937857191824965,0.8
